"","NANS_ALGS[+80]PTKQLLPC[+57]EMAC[+57]NEK","DDX54_LGPGRPLPTFPTSEC[+57]TS[+80]DVEPDTR","ZC3HC1_LPLVPES[+80]PRR","PFKP_S[+80]FAGNLNTYKR","TMSB4X_S[+122]DKPDMAEIEKFDK","TMSB4X_S[+122]DKPDM[+16]AEIEKFDK","KIAA1704_QDDS[+80]PPRPIIGPALPPGFIK","CDC2_VYT[+80]HEVVTLWYR","ATAD2_KPNIFYSGPAS[+80]PARPR","BAT2D1_AFGSGIDIKPGT[+80]PPIAGR","ATRIP_LAAPSVSHVS[+80]PR","FOSL2_S[+80]PPAPGLQPMR","C17orf85_RPHS[+80]PEKAFSSNPVVR","LIMA1_SEVQQPVHPKPLS[+80]PDSR","MAP3K2_DRS[+80]SPPPGYIPDELHQVAR","FASN_LGMLS[+80]PEGTC[+57]K","FASN_LGM[+16]LS[+80]PEGTC[+57]K","HN1_RNS[+80]SEASSGDFLDLK","FAM129B_AAPEAS[+80]SPPASPLQHLLPGK","RPS6KA3_TPKDS[+80]PGIPPSANAHQLFR","RBM14_RLS[+80]ESQLSFRR","RBM17_S[+80]PTGPSNSFLANMGGTVAHK","RPL12_IGPLGLS[+80]PK","EIF4A3_A[+42]TTATMATSGS[+80]AR","EIF4A3_A[+42]TTATM[+16]ATSGS[+80]AR","TPX2_SSDQPLTVPVS[+80]PK","PPP1R10_VLS[+80]PTAAKPSPFEGK","LIMA1_ETPHS[+80]PGVEDAPIAK","RSF1_FYETKEESYS[+80]PSKDR","VPRBP_HLPS[+80]PPTLDSIITEYLR","WDR26_RLS[+80]QSDEDVIR","OCIAD1_LENS[+80]PLGEALR","FAM76B_ISNLS[+80]PEEEQGLWK","BRAF_TLGRRDS[+80]SDDWEIPDGQITVGQR","DYRK1A_IYQY[+80]IQSR","LRWD1_ANS[+80]PEKPPEAGAAHKPR","BRD4_IHS[+80]PIIR","ZC3H14_DLVQPDKPAS[+80]PK","KIF4A_TFS[+80]LTEVR","MAP3K7_S[+80]IQDLTVTGTEPGQVSSR","ULK1_LHS[+80]APNLSDLHVVRPK","PAK2_S[+122]DNGELEDKPPAPPVR","TMPO_HAS[+80]PILPITEFSDIPR","BAT2_LIPGPLS[+80]PVAR","RBBP6_LEVTEIVKPS[+80]PK","WDR20_SNS[+80]LPHSAVSNAGSK","THRAP3_SPALKS[+80]PLQSVVVR","NUP214_TPS[+80]IQPSLLPHAAPFAK","GPATCH8_SQS[+80]PHYFR","UBE2O_S[+80]IPLSIK","MAP4_VGS[+80]LDNVGHLPAGGAVK","LARP5_SPS[+80]PAHLPDDPKVAEK","NCOR2_ANAS[+80]PQKPLDLK","RNF169_VLS[+80]PLIIK","SRRM2_TQLWASEPGT[+80]PPLPTSLPSQNPILK","NUFIP2_NDS[+80]WGSFDLR","RPS6KA1_KAYS[+80]FC[+57]GTVEYMAPEVVNR","C22orf9_SLVGS[+80]WLK","WAC_SDS[+80]PENKYSDSTGHSK","CCNYL1_SFS[+80]ADNFIGIQR","PDPK1_ANS[+80]FVGTAQYVSPELLTEK","CASC3_YGS[+80]PPQRDPNWNGER","BAT2D1_SFS[+80]SQRPVDR","TMPO_SST[+80]PLPTISSSAENTR","ZNF740_AGS[+80]PDVLR","DPF2_VDDDS[+80]LGEFPVTNSR","TERF2IP_YLLGDAPVS[+80]PSSQK","SRRM2_ALPQT[+80]PRPR","C13orf8_TAPTLS[+80]PEHWK","JUND_LAS[+80]PELER","AP1GBP1_SLS[+80]LGDKEISR","SH3KBP1_S[+80]IEVENDFLPVEK"
"C646 (CHEMBL1797936)",-0.2882,0.51126,-0.11911,0.56747,0.09062,-0.35549,0.0322,-0.15681,-0.22279,-0.49725,-0.5649,0.09509,0.07276,0.26566,-0.55157,-0.06196,0.02297,0.39416,0.8011,0.27474,-1.09251,0.11391,-0.16958,-0.21931,-0.31565,-0.38745,0.24471,-0.20644,0.30689,-0.14361,0.22138,0.13949,0.08105,0.01431,-0.01657,-0.02357,-0.47184,-0.48654,-1.22174,0.11382,4.24649,0.05991,-0.24551,-0.07488,-0.24723,-0.43224,0.06871,0.26883,0.0227,0.80503,0.20453,-0.01764,-0.53797,-0.55913,1.05568,0.00927,0.27622,-0.03856,1.27829,0.15598,-0.13719,0.0527,0.51173,-0.07727,-0.30221,0.39914,-0.18443,0.15852,0.30884,0.76482,0.01657,-0.04899
"CHIR99021",0.31455,-0.27587,-0.40405,0.52142,0.18157,1.08785,0.12254,-0.49024,-0.1632,0.02661,0.50973,-0.24059,-0.1043,0.15844,0.01019,-0.20761,0.28281,0.28603,0.32687,0.00956,-0.30193,-0.42612,0.03671,0.01945,-0.04642,0.02309,-0.09345,-0.10486,-0.03162,-1.68579,-0.48207,0.29289,-0.03123,0.06758,-0.00536,-0.14966,0.26595,0.07613,-0.91514,-0.02695,-0.4473,0.36689,-0.26857,0.15406,0.05867,0.13711,0.10071,0.47589,-0.08502,-0.01234,0.44831,-0.21646,0.03875,-0.15469,0.17922,-0.16726,0.03494,-0.52958,0.10508,-0.01624,0.0264,0.00153,0.10785,0.75114,0.14491,0.31334,0.00695,-0.06944,-0.00068,0.02375,0.06505,0.32058
"Compound E",0.04923,0.04629,0.05652,0.49648,0.10476,-0.43176,0.00177,-0.23361,-0.09859,-0.42828,0.34552,-0.27013,0.01145,0.45654,-0.54564,-0.20766,-0.1592,0.32307,0.59444,0.23416,-0.27445,0.1049,0.07809,-0.06423,-0.15035,-0.22214,-0.04912,-0.582,0.23789,-0.14769,-0.01017,0.19887,-0.10729,-0.14326,-0.00191,-0.07494,0.11302,-0.15777,-1.12016,-0.46094,0.24321,0.00499,-0.17429,-0.15603,0.00797,-0.36807,0.05824,1.07836,-0.0265,-0.04047,0.25235,-0.13598,-0.06762,-0.26049,1.12778,-0.22534,0.09548,-0.20452,0.93877,-0.04873,-0.18469,-0.22402,0.25372,0.1191,-0.09801,0.5533,-0.10134,0.22789,0.3968,0.0439,-0.22224,-0.04817
"Etoposide",-0.17539,0.21963,0.11948,-0.16658,0.07563,0.40731,0.11215,0.09065,0.13666,-0.0939,0.34104,0.54057,-0.21625,0.18186,0.38039,-0.0264,0.17851,0.12713,0.29993,0.20083,-0.50088,0.01166,-0.26038,-0.83235,-1.15654,-0.4556,0.18534,0.16765,0.04204,-0.39577,-0.2991,0.07121,-0.07278,-0.20286,-0.02332,0.18842,0.20656,0.03052,-0.05567,0.03106,0.11194,0.1228,-0.82913,0.00792,0.16724,0.0226,-0.10326,0.38874,-0.09357,0.82405,0.09578,0.27684,-0.06034,-0.30811,-0.18122,0.15795,0.01084,0.10085,-0.64213,-0.08277,-0.03237,-0.0446,-0.12245,-0.00258,0.17632,-0.05737,0.40989,0.18338,0.04615,0.09808,0.05747,0.21566
"Exifone",0.16793,-1.36127,0.20313,0.87976,-0.46718,0.0748,0.06536,-0.10014,0.26031,-0.65506,-2.76848,-0.08106,0.27366,0.56899,-0.69092,-0.11597,0.1059,0.53397,-0.33981,0.12591,-0.14864,0.4034,0.17562,-0.13417,0.28243,0.27225,0.17096,-0.43687,0.01088,-0.26763,0.10265,0.28529,-0.4262,-0.80466,0.10362,0.05252,0.32944,-0.02449,-1.00208,-0.28873,0.38935,-0.451,0.08296,-0.09598,0.06683,0.16227,0.50794,1.12078,0.32701,0.06158,-0.14934,0.03991,-0.114,-0.02229,0.94422,-0.2165,0.42924,-0.16454,0.51201,-1.11196,0.14494,0.15875,0.63707,0.43584,0.13207,-0.61262,0.05353,0.47458,0.06899,-0.26492,-0.06154,-0.34822
"Ginkgetin",-0.24873,-0.22715,0.09774,0.62467,-0.18953,-0.45062,0.03703,-0.19167,-0.08334,-0.43711,0.39513,-0.24195,-0.04946,0.52259,-0.41617,-0.18854,0.08303,0.6127,0.74164,0.1299,-0.04189,0.03825,-0.09834,-0.35072,-0.33587,-0.33539,0.04384,-0.45231,0.1013,-0.48932,0.01637,0.14983,-0.11309,-0.13882,-0.09203,-0.09211,-0.01294,-0.21769,-0.96827,0.24265,0.33822,-0.05001,-0.24116,-0.08682,0.04285,-0.20524,0.20205,0.92095,-0.08607,0.58323,-0.01182,-0.15512,-0.20066,-0.13333,1.15607,-0.24984,0.12221,-0.2304,1.25809,-0.04234,-0.18473,-0.35026,0.06962,0.06667,-0.11751,0.35792,-0.14781,0.12637,0.23098,0.06042,-0.1149,0.02583
"Gossypetin",-0.29648,-0.24179,-0.13042,0.46998,0.11531,0.49992,0.00457,-0.49152,-0.08089,-0.37592,0.34078,-0.25431,-0.03307,0.54658,-0.42807,-0.30761,-0.16211,0.51305,0.76548,0.19949,-0.43068,-0.02695,-0.05383,-0.14185,-0.27891,-0.14659,-0.08319,-0.41781,0.23768,-0.26878,0.15594,-0.00883,-0.00939,-0.10723,-0.0201,-0.06278,0.02735,-0.01927,-1.11147,-0.20144,0.04027,0.18208,-0.74811,-0.13162,0.05761,-0.2029,0.2676,0.91401,-0.04018,0.25067,0.1832,-0.09994,-0.08409,-0.27925,1.13826,-0.22264,0.11357,-0.2389,1.47138,-0.57854,-0.22404,-0.18967,0.2482,-0.06671,0.06038,0.27322,-0.10111,0.08889,0.26937,0.22782,-0.06022,0.12359
"KN-62",0.30674,0.37255,0.2556,0.38176,0.1552,-0.39375,0.04178,-0.71367,-0.08956,-0.54281,0.04597,-0.11675,0.13784,0.60251,-0.83979,-0.19932,-0.05815,0.19348,0.51675,0.42399,-0.84771,0.06676,-0.04536,-0.29854,-0.24371,0.12611,-0.01905,-0.34097,0.17996,-0.8371,-0.02402,0.23849,-0.04397,0.18447,0.02163,0.00215,0.10574,-0.26993,-1.29845,0.0601,0.15067,-0.07984,-0.58463,-0.09892,-0.01326,-0.6158,0.27257,1.03691,-0.00501,0.48533,0.19682,0.0517,-0.03965,-0.1672,1.0501,-0.06449,0.07786,-0.04103,2.27702,-0.40495,-0.25246,-0.09882,0.22014,-0.25562,-0.05896,-0.06088,0.00988,0.24619,0.43314,0.08935,-0.61424,-0.12394
"KN-93",0.09346,-0.1278,-0.1934,0.46931,0.02702,0.03823,-0.00419,-0.65009,-0.05115,-0.45712,0.34721,-0.23706,0.06782,0.403,-0.4458,-0.35661,-0.17518,0.43583,0.59494,0.22935,-0.23571,0.08986,0.09921,-0.17122,-0.11303,-0.10377,-0.05826,-0.41062,0.0857,-0.42704,0.14788,-0.1181,0.02064,0.25523,-0.00538,-0.05786,-0.02707,-0.08406,-1.12012,-0.1794,0.04133,0.06533,-0.61686,-0.13272,-0.05194,-0.13573,0.23445,0.67096,0.16395,0.14889,0.18776,-0.22402,-0.04887,-0.31125,0.98757,-0.20935,0.10044,-0.28607,1.53544,-0.13428,-0.1218,-0.05285,0.25196,-0.05945,0.01743,0.27452,-0.09132,0.15126,0.35219,0.07053,0.03953,-0.04327
"KU-55933",-0.43217,0.78828,0.11315,-0.26787,0.04191,0.05834,0.02968,0.13508,-0.00779,-0.16504,0.14537,0.40503,-0.18355,0.10531,0.36172,-0.07806,-0.04448,0.00314,0.42526,0.02374,-0.95929,0.44095,-0.23093,0.01183,-0.09028,0.06173,0.11715,0.1301,0.03635,-0.28765,0.04517,-0.14136,-0.12386,0.06292,-0.1195,0.04589,0.04145,-0.11702,-0.34761,-0.5389,-0.14877,-0.1842,0.3127,-0.01181,0.02114,-0.23845,0.10182,0.23517,-0.21108,0.98362,-0.04736,0.10123,-0.07441,-0.21628,4.64346,0.16295,-0.02805,0.07314,0.12739,0.00399,-0.16243,-0.17893,-0.32185,0.00255,0.01901,-0.07067,0.24852,0.10275,-0.05343,0.07692,-0.41384,-0.33412
"Okadaic Acid",0.2877,-0.33878,-0.10965,0.65351,-0.12049,-1.33138,-0.32611,-0.12391,-0.32382,-0.02326,-0.42232,-0.66193,-0.12242,-0.58611,-1.43663,0.3629,-0.04505,0.87649,-2.29386,0.95317,3.51819,-1.38281,-0.70637,0.25126,-0.10889,0.35808,0.39645,-0.38242,-0.30328,-2.01252,0.26344,-0.2693,-0.50947,0.36666,-0.34932,-0.60698,1.63593,-0.0013,-1.54237,3.53436,0.05637,-0.59078,-0.81685,0.50832,0.33111,0.71608,-0.01853,3.49292,-0.29971,1.49297,-0.90109,-1.54555,-0.48293,-1.22473,0.02558,0.9943,0.36103,-0.16494,2.75196,-1.02707,-0.18217,-0.51824,0.96869,0.82923,-0.03557,2.25786,-0.62155,-0.1235,0.28141,1.27673,0.84541,0.01419
"Olaparib",1.60021,-0.13749,-0.15189,0.42158,0.35309,-0.09772,0.15234,-0.42062,-0.00387,-0.30223,0.22635,-0.20799,0.18762,0.8402,-0.53312,-0.07411,-0.12472,0.39222,0.58964,0.04075,-0.46421,-0.0116,0.02838,-0.28511,-0.53008,-0.0367,-0.00191,-0.44768,-0.0833,-0.14833,0.05335,-0.1273,0.09033,0.56,-0.04938,-0.04504,-0.04649,0.02611,-1.43367,-0.33329,-0.21279,0.10941,-0.37266,-0.00089,-0.09142,-0.14325,0.03546,0.54129,0.08283,-0.30459,0.2154,-0.15387,0.2146,-0.05513,1.01506,-0.30087,0.1736,-0.27895,1.48321,-0.41479,-0.0262,-0.15566,0.12894,-0.21814,0.08778,-0.12721,-0.04591,0.17093,0.04436,0.1081,-0.08402,-0.04332
"RGFP966",-0.14447,-0.42555,-0.26007,0.63452,0.03589,0.79811,0.08965,-0.28269,-0.06478,-0.3117,0.47049,-0.32813,0.08713,0.51141,-0.05823,-0.16755,0.12617,0.69989,0.731,0.18398,-0.68594,-0.37185,-0.02639,-0.09227,-0.36335,-0.18412,-0.01037,-0.23267,0.08706,-0.22362,0.00683,0.2319,0.0216,-0.05608,-0.02222,-0.03148,0.02215,-0.04921,-1.59983,-0.34288,-0.10238,0.18927,-0.4131,-0.14117,-0.12191,0.10026,0.26298,0.98019,0.11697,0.10764,-0.15452,-0.1464,-0.04064,-0.24557,1.26703,-0.35488,0.17941,-0.40597,0.91675,0.06492,-0.09979,-0.22065,0.00129,-0.10348,-0.03146,0.19669,-0.0618,0.0481,0.23242,-0.00014,-0.19044,0.09134
"Rolipram",0.06468,-0.33114,-0.26349,0.62199,0.02517,0.2983,0.01677,-0.42615,-0.0997,-0.29471,0.49101,-0.35154,0.03547,0.48304,-0.23321,-0.17978,-0.05046,0.57209,0.72718,0.17444,-0.12776,-0.15688,-0.06852,-0.27361,-0.6065,-0.30775,-0.05092,-0.37,0.04506,-0.01105,0.00628,0.16882,0.00195,-0.33634,-0.05574,-0.10275,0.09662,0.00745,-1.20555,-0.00696,0.05226,0.08819,-0.6773,-0.09664,0.09131,-0.09416,0.2097,0.76681,0.06973,0.23268,0.03211,-0.14389,-0.02729,-0.1232,1.28653,-0.35381,0.13345,-0.33776,0.92433,-0.19275,-0.2011,-0.23875,0.15899,0.07021,0.04954,0.35646,-0.13314,0.08969,0.29969,0.06085,-0.05063,0.0991
"Roscovitine",0.34509,0.12008,-0.5667,0.63874,0.1117,0.09123,0.1279,-0.40902,-0.31663,-0.41897,0.29996,-0.17682,0.08673,0.48932,-0.23036,-0.03512,0.07507,0.79251,0.68717,0.1772,0.96745,-0.09204,-0.90425,-1.36501,1.84699,-0.40035,-0.08754,-0.22425,0.14749,-0.48502,0.15949,-0.18387,-0.40747,0.10336,0.08261,-0.04882,-0.48348,0.15051,-0.91967,-0.05996,0.36702,0.16707,-2.38854,-0.31767,-0.2306,0.24358,-0.14282,1.26099,0.23782,0.62626,0.33094,-0.04958,-0.33005,-0.26825,1.20488,-0.05768,0.24843,-0.08315,1.08787,-0.15434,-0.07461,-0.16012,0.39002,-0.20227,0.20164,0.08009,-0.16417,0.01677,0.05438,0.3936,0.23917,0.16502
"SMER-3",0.16209,0.78305,0.51814,0.39354,0.59764,1.026,0.49121,1.19032,-0.00777,-2.79872,0.27515,0.75823,0.36148,0.16979,0.89945,0.44584,0.56343,0.06784,-0.1886,0.73808,-0.44593,0.56334,-0.59284,-0.87916,-0.70937,-1.70316,0.41695,0.51649,0.53519,0.52337,0.20331,-0.31812,0.09568,0.73782,0.53824,0.48861,-0.55582,0.00612,-2.34854,-0.27243,1.33922,-0.91587,-2.04407,-0.14598,-0.74012,1.03962,-0.3202,1.77534,0.60446,-0.08391,-1.46035,-0.08419,-0.76625,-0.67142,0.05142,2.03612,0.05732,1.54704,0.65465,0.22949,0.40285,-0.07547,-0.27543,-1.27263,-0.7024,-0.38839,-0.20855,-0.08174,-0.15932,-0.0871,-0.18563,-1.98741
"TBB",0.13815,-0.1902,-0.03535,0.65968,0.06129,0.55981,0.14089,-0.52743,-0.03355,-0.22476,0.43204,-0.2345,0.01146,0.57259,-0.26281,-0.42794,-0.29916,0.56663,0.83257,0.22046,-0.13169,-0.08389,0.00986,-0.2864,-0.58175,-0.1771,-0.03396,-0.43346,0.10312,-0.37874,0.1072,0.12255,0.06772,-0.24451,-0.06069,-0.02539,0.08789,-0.07921,-1.23379,-0.14925,0.00271,0.15645,-0.79905,-0.02648,0.10536,-0.04281,0.11161,0.10812,0.12126,0.1909,0.14333,-0.08941,-0.04855,-0.13617,1.32797,-0.24967,0.08808,-0.42613,0.91183,-0.2593,-0.11117,-0.13206,0.06048,-0.04952,0.05043,0.22387,-0.0508,0.14875,0.37472,0.01549,-0.03062,0.07905
"VU0155056",-0.14987,0.67368,0.26774,-0.47874,-0.03391,0.0401,0.0558,-0.01133,-0.00052,-0.06137,-0.02308,1.03856,-0.15609,0.04743,0.36192,0.02723,0.3249,-0.1303,0.38798,0.3043,-0.62945,0.42704,-0.15268,-0.35275,0.04226,-0.11631,0.01254,0.08016,0.24771,-0.29037,0.03494,0.04038,-0.21717,-0.18511,-0.09005,0.10266,0.3296,-0.05645,-0.32861,-0.90509,0.03296,-0.18059,-0.56091,-0.00387,0.11793,-0.12913,0.36794,0.39434,-0.281,0.29895,-0.24761,0.18058,0.04194,-0.03584,-0.26371,0.2256,-0.11918,-0.00873,0.78776,-0.4098,-0.20432,-0.16462,-0.16403,-0.18395,-0.10277,-0.06805,0.35324,0.26864,0.44032,-0.16806,-0.45008,0.08538
"bafilomycin A1",0.97129,-0.01008,0.17177,0.51199,0.19572,-0.14157,0.14198,-0.17933,0.07053,-0.67029,-0.3256,-0.16096,0.17266,1.27222,-0.72683,-0.09461,-0.17459,0.44403,0.70805,-0.20302,-0.861,0.17199,-0.05396,-0.58629,-0.29455,-0.01497,0.27298,-0.50435,0.12256,-0.06744,0.00213,0.11922,-0.06623,0.3126,-0.05655,0.07847,-0.03735,-0.0526,-1.4747,-0.70115,0.12747,-0.13155,-0.3285,0.18615,-0.00721,-0.10901,0.40639,1.04924,-0.15224,-0.0386,-0.08388,0.06958,0.03563,-0.10627,1.25149,-0.25934,0.31009,-0.34441,1.57714,-0.62462,-0.12739,-0.16407,0.0013,-0.13926,-0.09577,-0.18103,-0.09083,0.28888,0.02095,0.04982,-0.22171,-0.11072
"calpain inhibitor II",-0.30901,0.20484,0.28107,0.42433,0.00491,-1.25257,0.09678,-0.1737,-0.0239,-0.46741,0.12822,0.02251,-0.04533,0.5994,-0.71502,-0.24585,-0.20784,0.08252,0.7664,0.46536,-0.83669,0.41797,0.03359,-0.27448,-0.1037,-0.11405,0.05661,-0.52882,0.26869,-0.58894,0.02042,0.3008,-0.1094,-0.02146,-0.11885,-0.00156,0.24379,-0.18131,-1.01968,0.06118,-0.03887,-0.20239,-0.48664,-0.03543,0.00436,-0.51693,0.28887,0.54608,0.06991,0.16547,0.1606,0.02927,-0.05505,-0.076,1.35883,-0.01307,0.22434,-0.0101,1.40793,5.44049,-0.24995,-0.0398,0.25282,-0.21597,0.0371,0.02326,0.07064,0.34771,0.49799,0.23967,-0.34567,-0.07694
"curcumin",-0.23704,0.90685,0.25663,0.35352,-0.00339,-0.19073,0.04083,-0.13202,-0.06888,-0.40772,-0.1201,0.26702,-0.16626,0.23076,-0.02189,-0.10041,-0.13743,0.09961,0.30705,0.35015,-0.18152,0.3503,-0.15877,-0.23702,0.00021,-0.08702,-0.08156,-0.19958,0.30726,-0.94326,0.09908,-0.05777,-0.14473,0.15589,-0.05742,-0.06085,0.10722,-0.17547,-0.44231,-0.53892,0.07521,-0.06649,-0.35183,-0.08548,0.02526,-0.15178,0.20752,0.43092,-0.10974,0.48599,-0.06418,0.05304,-0.12037,-0.16309,0.11805,0.17167,-0.00985,-0.04673,1.221,-0.19814,-0.15251,-0.06492,0.08443,-0.02527,0.01758,0.03531,0.3151,0.1142,0.07141,-0.0542,-0.22617,-0.08919
"dexamethasone",0.04806,0.15198,0.0879,0.16016,0.37761,-0.19442,-0.00434,-0.1934,-0.02816,-0.39603,-0.20162,0.09332,0.0157,0.36278,-0.35126,-0.11266,-0.11318,0.27759,0.3456,0.20727,-0.27124,0.25579,-0.08484,-0.2221,-0.20784,-0.05826,0.03239,-0.24587,0.20026,-0.36249,-0.09826,-0.05979,-0.11078,-0.07781,-0.06711,0.05647,0.11448,-0.05811,-0.57326,-0.43411,0.2044,-0.03618,-0.30548,-0.05062,0.0565,-0.19598,0.20555,0.84872,-0.08113,0.01854,0.0706,0.07413,-0.0082,-0.17309,0.17959,-0.01632,0.10319,-0.0664,1.1803,-0.4584,-0.15559,-0.22078,-0.07582,0.05741,-0.09769,0.27927,0.12809,0.22951,0.1772,0.12727,-0.08577,0.15383
"momelotinib",0.16609,-0.5712,-0.09133,0.40856,-0.08719,0.60206,0.02262,0.10976,0.07726,-0.32986,0.36823,0.13562,0.08779,0.25227,-0.02214,-0.12571,0.10904,0.36712,0.43188,0.21189,-0.04822,-0.1165,-0.29302,-0.75611,-0.81999,-0.2921,0.13229,-0.07504,0.15394,-0.4444,0.21806,-0.11037,-0.18257,-0.34161,-0.01393,0.02343,-0.0227,0.0433,-0.70959,-0.00966,0.17632,0.02321,-0.64921,-0.09175,-0.0301,-0.05753,0.09615,0.3125,0.06106,0.51422,-0.28918,0.06859,-0.22038,-0.48837,0.49862,-0.14726,0.28398,-0.11971,0.98168,0.36589,0.02014,-0.07626,0.09665,0.23362,0.14204,-0.37818,0.04887,0.15772,0.22373,0.20356,-0.16723,0.0272
"niclosamide",-0.18134,1.00523,0.20774,-0.14318,0.4707,1.0211,0.13246,0.04297,-0.11955,-0.49258,0.13878,0.66487,0.00768,0.01818,0.52309,0.01869,0.15984,-0.03165,-0.04519,0.02932,-1.09556,0.55278,-1.24454,-0.59708,0.02202,-0.88078,0.24658,0.21954,0.17528,-0.08794,0.06684,-1.18276,-0.16668,0.11468,-0.03228,0.11685,0.0184,-0.03591,-1.34933,-0.54613,0.43286,-0.24262,-0.79164,0.10387,0.02364,0.48818,-0.38164,0.87287,0.01487,0.18547,-0.40096,0.16353,-0.36353,-0.43034,-0.59502,1.20517,0.06321,0.88483,1.0875,-0.07591,-0.12003,-0.27549,-0.00519,-0.199,-0.18274,0.71354,0.41067,0.26232,-0.09584,0.14565,-0.30557,-0.02964
"ruxolitinib",-0.25784,0.697,0.02618,-0.44316,0.04235,0.26084,0.01318,-0.29163,0.03814,-0.18139,0.04013,0.51008,-0.15074,-0.17587,0.36792,-0.23024,-0.14238,-0.3039,0.15354,0.285,0.15186,0.66224,-0.07275,-0.19201,0.38136,0.09951,0.04838,-0.01674,0.24128,-0.17067,0.11284,-0.07318,-0.17641,-0.16082,0.05621,0.06464,0.15086,0.01016,-0.32275,-0.98221,0.00641,-0.03692,-0.53568,-0.02807,0.00485,-0.05717,0.28112,0.68724,0.02242,0.63448,-0.26657,0.17438,-0.07223,-0.09684,-1.4291,0.23224,-0.20801,0.09506,1.3305,-0.3271,-0.18541,-0.08935,-0.04732,-0.30316,0.08617,-0.27183,0.22214,0.14143,0.09333,0.10452,-0.27255,0.36908
"semagacestat",-0.06983,0.7986,0.28653,-0.17837,-0.21056,0.05884,-0.00593,-0.20208,0.12294,-0.08918,-0.72387,0.97804,-0.05879,0.07668,0.39574,-0.15609,-0.23258,-0.35395,0.16957,0.47491,-0.09492,0.59106,-0.06551,-0.28006,-0.06299,0.15051,0.09988,0.0299,0.28076,-0.01304,0.24513,-0.48745,-0.23031,-0.06728,-0.02135,0.1265,0.26944,-0.20838,0.00807,-0.73009,0.10049,-0.45554,-0.71467,0.05914,0.14286,-0.01834,0.36011,0.84853,-0.09755,0.43526,-0.15545,0.20046,-0.07679,0.08158,-0.87071,0.05913,-0.21566,-0.16396,0.84708,-0.4403,-0.10763,0.07765,0.15868,-0.34169,0.0911,-0.50698,0.30176,0.1592,0.20571,-0.13305,-0.29859,-0.1213
"sotrastaurin",0.27207,-0.53932,-0.3195,0.83472,0.22851,0.40034,0.2919,-0.27021,0.06999,0.088,0.62941,-0.29319,0.29699,0.67643,0.03472,-0.0357,0.10429,0.84272,0.42749,0.67835,-1.78449,-0.24147,-0.43528,-0.80522,-0.98927,-0.08648,0.01287,-0.19155,0.09479,-0.2762,0.37279,-0.37329,0.09709,-0.09087,0.2272,0.07281,0.12799,0.09364,-2.56568,0.32878,0.01095,0.34744,-1.47342,0.09816,0.16687,0.11562,0.26479,-1.39033,0.28234,0.22227,0.49553,0.00844,0.00511,-0.11905,1.29159,-0.19784,0.22645,-0.51946,1.06961,-0.25725,0.19328,0.07223,0.31474,0.4692,0.31859,-0.53108,0.14756,0.15215,0.22968,0.32448,-0.27641,0.25867
"staurosporine",0.31503,0.59326,-1.69348,1.23462,0.81631,1.27607,0.70072,-0.14986,-0.58242,0.48139,0.38819,0.2889,0.47473,1.00295,0.23393,0.42801,0.74294,1.17113,0.2697,0.89893,4.82597,0.39489,-1.15146,0.30673,-2.58594,-1.9128,0.29148,0.38107,0.39302,0.2343,0.29823,-0.16979,-0.29496,0.25168,0.43618,0.4437,0.46702,0.65135,-5.28581,-0.13421,4.24649,0.79131,2.94136,-0.13066,0.2356,0.03519,-0.9713,-0.59294,0.63625,-0.64568,-2.0447,0.46108,-0.50514,-0.61265,1.78851,0.20062,-3.13048,4.13702,1.6587,0.08015,0.17698,0.36806,0.78474,1.14404,0.80454,1.1074,0.10215,0.13137,-0.00546,0.11853,-1.94014,-1.5551
"tacrolimus",-0.2371,0.29004,-0.0272,-0.11085,-0.20446,0.44108,-0.1301,-0.15834,-0.03988,-0.16789,-0.18829,0.65991,-0.04596,-0.30751,0.33297,-0.02739,0.18432,-0.32292,-0.04776,0.14866,0.02232,0.2557,0.00206,-0.07442,0.46658,0.20158,-0.01512,0.11269,0.24608,-0.87094,0.45291,0.03948,-0.36328,0.02739,-0.04356,-0.10289,-0.00297,-0.12566,-0.60394,-0.63937,-0.251,-0.2779,-0.02179,-0.09041,-0.11803,-0.04434,0.34336,0.5263,-0.12017,0.45194,-0.24306,-0.0153,-0.09447,-0.08087,-0.9214,0.26253,-0.14316,0.31695,1.00007,-0.09795,0.00222,-0.10344,0.1341,0.00899,0.09091,-0.29621,0.14885,0.1145,0.15608,0.11334,-0.0913,-0.01858
"tretinoin",-0.12989,1.2845,-0.02805,-0.07241,-0.00955,0.53715,-0.06231,-0.39896,-0.14407,-0.40356,-0.0443,0.88868,-0.18633,-0.0793,0.23902,-0.24169,-0.29773,-0.22911,0.32544,0.29532,-0.21578,0.54248,-0.15765,-0.38414,0.21831,0.04658,0.04222,0.00035,0.09154,-0.43579,0.22988,0.19584,-0.20169,0.11655,-0.05255,-0.02087,0.20833,-0.2118,-0.58876,-0.46413,-0.22824,-0.17172,-0.67441,-0.10399,-0.05927,0.08088,0.00329,0.35979,-0.13009,0.72184,-0.17673,0.01212,-0.07079,-0.30363,4.64346,0.19379,-0.21919,-0.02515,0.79599,0.01919,-0.20677,-0.08394,0.05746,-0.2364,0.03533,-0.15306,0.26267,0.09928,-0.03799,-0.24182,-0.34119,-0.00762
"vorinostat",-0.28404,-0.08525,0.03432,0.36142,0.07849,-0.04112,0.20415,-0.17907,0.0138,-0.42422,2.09126,-0.31621,0.12137,0.77333,-0.79065,-0.20063,0.25203,0.47282,0.22612,0.3334,4.82597,-0.06117,-0.00489,-0.31482,0.48169,-0.10678,0.03414,-0.39533,0.1151,-0.94386,0.1898,0.07584,0.0416,0.24849,-0.06748,-0.08462,-0.21943,-0.01609,-1.36664,-0.24497,-0.18066,-0.08078,-0.26372,-0.08424,0.08654,-0.23919,0.09858,0.29112,-0.30425,-0.52552,0.26014,-0.04463,-0.02728,-0.19257,0.787,-0.21271,0.07673,-0.26935,2.48995,-0.49489,-0.12412,-0.08317,0.06192,-0.09541,0.02837,1.38526,-0.15345,0.16804,0.00248,0.23357,-0.0771,0.10467
